label,estimated_minutes
総武快速線 快速 錦糸町→津田沼,19.9710
総武快速線 快速 新小岩→津田沼,15.3533
京成 スカイライナー 日暮里→空港第2ビル,41.0671
京急本線 快特 品川→横浜,17.6098
小田急小田原線 快速急行 新宿→町田,29.8999
東急東横線 特急 渋谷→横浜,26.9109
京王井の頭線 急行 渋谷→吉祥寺,16.8225
京王線 特急 新宿→京王八王子,41.3840
阪急神戸本線 特急 大阪梅田→神戸三宮,26.8621
西武池袋線 準急 池袋→所沢,29.2534
西武池袋線 急行 池袋→所沢,22.2665
都営大江戸線 落合南長崎→光が丘,11.8596
都営大江戸線 新宿→光が丘,24.9815
都営大江戸線 光が丘→都庁前,22.7290
都営大江戸線 清澄白河→赤羽橋,16.2502
都営大江戸線 光が丘→都庁前 (環状部経由),84.8348
東京メトロ銀座線 渋谷→新橋,13.2946
つくばエクスプレス 普通 秋葉原→つくば,61.6267
東京メトロ半蔵門線 押上→神保町,16.6268
りんかい線 新木場→大崎,19.1110
多摩都市モノレール 多摩センター→上北台,37.6339
