label,line_group_id,from_station_id,to_station_id,slice_end_station_id,measure,real_min_minutes,real_max_minutes,real_typical_minutes,source
総武快速線 快速 錦糸町→津田沼,40,1131404,1131408,1131410,departure,19,25,20,メンテナ確認
総武快速線 快速 新小岩→津田沼,40,1131405,1131408,1131410,departure,15,20,16,メンテナ確認
京成 スカイライナー 日暮里→空港第2ビル,197,2300102,2300610,,arrival,40,48,41,メンテナ確認
京急本線 快特 品川→横浜,74,2700102,2700126,,arrival,17,22,17,メンテナ確認
小田急小田原線 快速急行 新宿→町田,129,2500101,2500127,,arrival,30,31,30.5,メンテナ確認 (典型値は範囲の中央)
東急東横線 特急 渋谷→横浜,161,2600101,2600121,,arrival,27,28,27.5,メンテナ確認 (典型値は範囲の中央)
京王井の頭線 急行 渋谷→吉祥寺,72,2400601,2400617,,arrival,17,22,17,メンテナ確認
京王線 特急 新宿→京王八王子,71,2400101,2400134,,arrival,45,45,45,メンテナ確認
阪急神戸本線 特急 大阪梅田→神戸三宮,384,3400101,3400116,,arrival,27,28,27.5,メンテナ確認 (典型値は範囲の中央)
西武池袋線 準急 池袋→所沢,132,2200101,2200131,,arrival,30,38,38,メンテナ確認
西武池袋線 急行 池袋→所沢,190,2200101,2200131,,arrival,21,25,24,メンテナ確認
都営大江戸線 落合南長崎→光が丘,1000099301,9930133,9930138,,arrival,11,12,11,東京都交通局 GTFS
都営大江戸線 新宿→光が丘,1000099301,9930128,9930138,,arrival,24,26,24,東京都交通局 GTFS
都営大江戸線 光が丘→都庁前,1000099301,9930138,9930101,,arrival,21,21,21,東京都交通局 GTFS
都営大江戸線 清澄白河→赤羽橋,1000099301,9930115,9930122,,arrival,16,17,16,東京都交通局 GTFS
都営大江戸線 光が丘→都庁前 (環状部経由),1000099301,9930138,9930100,,arrival,84,86,84,東京都交通局 GTFS
東京メトロ銀座線 渋谷→新橋,1137,2800119,2800112,,arrival,15,15,15,東京メトロ GTFS
つくばエクスプレス 普通 秋葉原→つくば,977,9930901,9930920,,arrival,63,66,66,首都圏新都市鉄道 GTFS
東京メトロ半蔵門線 押上→神保町,656,2800813,2800807,,arrival,17,19,17,東京メトロ GTFS
りんかい線 新木場→大崎,170,9933701,9933708,,arrival,19,20,19,東京臨海高速鉄道 GTFS
多摩都市モノレール 多摩センター→上北台,1000099334,9933401,9933419,,arrival,37,39,37,多摩都市モノレール GTFS
